{"num_detections": 100, "detection_classes": [[0.0, 0.0, 0.0, 0.0, 2.0, 0.0, 0.0, 0.0, 0.0, 0.0, 0.0, 2.0, 0.0, 0.0, 0.0, 0.0, 0.0, 0.0, 0.0, 0.0, 0.0, 0.0, 2.0, 0.0, 0.0, 2.0, 2.0, 1.0, 0.0, 0.0, 2.0, 0.0, 0.0, 0.0, 0.0, 0.0, 0.0, 2.0, 0.0, 0.0, 0.0, 1.0, 0.0, 0.0, 0.0, 0.0, 0.0, 0.0, 2.0, 0.0, 1.0, 0.0, 0.0, 0.0, 0.0, 0.0, 0.0, 0.0, 0.0, 0.0, 0.0, 0.0, 1.0, 0.0, 0.0, 0.0, 0.0, 0.0, 0.0, 0.0, 0.0, 0.0, 1.0, 0.0, 0.0, 0.0, 0.0, 0.0, 0.0, 2.0, 0.0, 0.0, 2.0, 0.0, 0.0, 0.0, 0.0, 0.0, 1.0, 0.0, 0.0, 0.0, 0.0, 0.0, 0.0, 1.0, 0.0, 0.0, 0.0, 0.0]], "detection_scores": [[0.04333682730793953, 0.03199392557144165, 0.03016689419746399, 0.028903013095259666, 0.02799864299595356, 0.027272939682006836, 0.027133209630846977, 0.026614783331751823, 0.025634877383708954, 0.021689048036932945, 0.018982909619808197, 0.018207933753728867, 0.017649851739406586, 0.017192550003528595, 0.0151237603276968, 0.014615464024245739, 0.01382061094045639, 0.013069179840385914, 0.013014744035899639, 0.012429684400558472, 0.012237769551575184, 0.012196982279419899, 0.012183792889118195, 0.012181676924228668, 0.012161007151007652, 0.012095251120626926, 0.012094440869987011, 0.011960890144109726, 0.011935158632695675, 0.011240696534514427, 0.011112661100924015, 0.010995583608746529, 0.010949085466563702, 0.010739198885858059, 0.010580007918179035, 0.010541856288909912, 0.010477704927325249, 0.0103386165574193, 0.010331458412110806, 0.010308553464710712, 0.010303470306098461, 0.010261350311338902, 0.010240430943667889, 0.010205956175923347, 0.010149973444640636, 0.010122296400368214, 0.01006697490811348, 0.0100305937230587, 0.009922927245497704, 0.009882425889372826, 0.00983387604355812, 0.009774572215974331, 0.009752890095114708, 0.00970535073429346, 0.009568767622113228, 0.009528819471597672, 0.009519275277853012, 0.009511581622064114, 0.009495973587036133, 0.009490670636296272, 0.009452147409319878, 0.009359806776046753, 0.009344176389276981, 0.009332964196801186, 0.009222243912518024, 0.009215070866048336, 0.009184004738926888, 0.009157123975455761, 0.009137865155935287, 0.009126202203333378, 0.009113701991736889, 0.009112405590713024, 0.009071542881429195, 0.009053249843418598, 0.009019593708217144, 0.00901227816939354, 0.008986507542431355, 0.008969787508249283, 0.008942793123424053, 0.008932238444685936, 0.0088881840929389, 0.008886259980499744, 0.008885386399924755, 0.00888494960963726, 0.00888061709702015, 0.008855977095663548, 0.008842782117426395, 0.008833575062453747, 0.008829972706735134, 0.008818387985229492, 0.00881224125623703, 0.008806154131889343, 0.008770284242928028, 0.008744508028030396, 0.008743797428905964, 0.008712146431207657, 0.008614134974777699, 0.008564154617488384, 0.008561653085052967, 0.008557242341339588]], "detection_boxes": [[[0.39474576711654663, 0.47265034914016724, 0.6001012325286865, 0.6606369614601135], [0.3973325192928314, 0.509291410446167, 0.5522873401641846, 0.7020195722579956], [0.008295595645904541, 0.3685312867164612, 1.0, 0.9718034863471985], [0.39412185549736023, 0.44932863116264343, 0.6791706085205078, 0.6078866124153137], [0.0, 0.10008418560028076, 1.0, 1.0], [0.3633382022380829, 0.46953004598617554, 0.516822099685669, 0.6585975289344788], [0.36275050044059753, 0.45152807235717773, 0.5674811601638794, 0.625503659248352], [0.08275151252746582, 0.5704321265220642, 1.0, 1.0], [0.4423378109931946, 0.514617919921875, 0.5934599041938782, 0.7061893939971924], [0.36936819553375244, 0.4577743709087372, 0.46712207794189453, 0.6506584286689758], [0.3622741997241974, 0.5053234100341797, 0.42167094349861145, 0.6643131971359253], [0.0, 0.0, 1.0, 1.0], [0.4933930039405823, 0.519649088382721, 0.6449049115180969, 0.7079209685325623], [0.4930892884731293, 0.46417754888534546, 0.6418799161911011, 0.6652129292488098], [0.0, 0.14560887217521667, 0.24338406324386597, 1.0], [0.21818028390407562, 0.1507696509361267, 0.47952520847320557, 0.2958326041698456], [0.0, 0.47404271364212036, 1.0, 1.0], [0.5398113131523132, 0.5251699686050415, 0.6935358643531799, 0.7085845470428467], [0.7942185997962952, 0.6287115812301636, 0.8660226464271545, 0.7296695709228516], [0.371883749961853, 0.5268739461898804, 0.4544088840484619, 0.7230768203735352], [0.7700802683830261, 0.6287211179733276, 0.8434851765632629, 0.7270900011062622], [0.0, 0.08082357048988342, 1.0, 0.9655594825744629], [0.13024112582206726, 0.0052420347929000854, 1.0, 0.40652310848236084], [0.11518979072570801, 0.0, 1.0, 0.6736459732055664], [0.5403668880462646, 0.4659245014190674, 0.6902905702590942, 0.6648198366165161], [0.0, 0.0, 1.0, 1.0], [0.3633382022380829, 0.46953004598617554, 0.516822099685669, 0.6585975289344788], [0.8096435070037842, 0.0, 1.0, 0.28174659609794617], [0.7618007659912109, 0.0074952393770217896, 1.0, 0.17054851353168488], [0.0, 0.0, 1.0, 1.0], [0.39474576711654663, 0.47265034914016724, 0.6001012325286865, 0.6606369614601135], [0.8284509778022766, 0.7561008930206299, 0.8931557536125183, 0.8618718385696411], [0.44720470905303955, 0.46203598380088806, 0.515487015247345, 0.6146191954612732], [0.2789296805858612, 0.03583350405097008, 0.345213383436203, 0.14357611536979675], [0.3137148916721344, 0.5052098035812378, 0.45330968499183655, 0.6970700025558472], [0.2550521492958069, 0.03648091107606888, 0.32116013765335083, 0.14478552341461182], [0.2408045530319214, 0.1951012909412384, 0.45197296142578125, 0.34356412291526794], [0.0, 0.0, 1.0, 1.0], [0.5887313485145569, 0.23273199796676636, 0.7532817721366882, 0.4190402626991272], [0.5393461585044861, 0.23168569803237915, 0.7043153643608093, 0.4199063181877136], [0.852259635925293, 0.7570014595985413, 0.919177770614624, 0.8665629029273987], [0.8994417190551758, 0.0, 1.0, 0.18677222728729248], [0.3729189336299896, 0.7378479838371277, 0.4439704716205597, 0.8405526280403137], [0.40943801403045654, 0.4718077480792999, 0.7427161931991577, 0.6477706432342529], [0.49224191904067993, 0.28226304054260254, 0.6572231650352478, 0.4786376357078552], [0.3070223331451416, 0.02932041883468628, 0.4514273405075073, 0.2236877977848053], [0.0, 0.11965948343276978, 1.0, 1.0], [0.5401377081871033, 0.284142404794693, 0.7053131461143494, 0.47597405314445496], [0.0, 0.0, 1.0, 1.0], [0.4909142851829529, 0.2305845320224762, 0.6556128859519958, 0.419810026884079], [0.5538639426231384, 0.6408438682556152, 0.6251842379570007, 0.7450532913208008], [0.4435247778892517, 0.2808748185634613, 0.6058757901191711, 0.48117122054100037], [0.5884761810302734, 0.2853547930717468, 0.7541619539260864, 0.47283560037612915], [0.6715215444564819, 0.6295706629753113, 0.7457016706466675, 0.7308784127235413], [0.3555375337600708, 0.02966204285621643, 0.5015402436256409, 0.21922045946121216], [0.8570717573165894, 0.8577659726142883, 0.9185034036636353, 0.9676085114479065], [0.7468536496162415, 0.6301541328430176, 0.8215437531471252, 0.7267309427261353], [0.34334492683410645, 0.232609361410141, 0.5037662386894226, 0.4173337519168854], [0.25384217500686646, 0.0, 0.3223986029624939, 0.07062476873397827], [0.4427320957183838, 0.22996222972869873, 0.6040351390838623, 0.4197303056716919], [0.7223110198974609, 0.6306948065757751, 0.7978881597518921, 0.727627694606781], [0.3933184742927551, 0.28384464979171753, 0.5545662641525269, 0.48379045724868774], [0.5668772459030151, 0.6202372908592224, 0.668070912361145, 0.7118633389472961], [0.6976422667503357, 0.6294461488723755, 0.7725774645805359, 0.7289519309997559], [0.3926839828491211, 0.2316313087940216, 0.5512441396713257, 0.4200938642024994], [0.2787138521671295, 0.0, 0.34759393334388733, 0.06948808580636978], [0.23007714748382568, 0.28756433725357056, 0.29435110092163086, 0.38553839921951294], [0.2527535557746887, 0.41329923272132874, 0.3202877640724182, 0.5258282423019409], [0.5884032249450684, 0.5294328927993774, 0.7447748184204102, 0.7061542272567749], [0.2296004295349121, 0.0, 0.29781830310821533, 0.07187440991401672], [0.30286118388175964, 0.03489723429083824, 0.3698672950267792, 0.14304934442043304], [0.2635461091995239, 0.0, 0.4061923027038574, 